account_id,account_creation_date,account_frequency,total_transactions,avg_order_amount,loan_presence,account_status
2,4446-11-13,"POPLATEK MESICNE",85344,21278.0000,"Has Loan",Active
9,4446-08-06,"POPLATEK MESICNE",12905,0.0000,"No Loan",Active
15,4448-12-28,"POPLATEK MESICNE",0,3072.0000,"No Loan",Inactive
18,4447-09-09,"POPLATEK TYDNE",0,0.0000,"No Loan",Inactive
23,4447-09-05,"POPLATEK MESICNE",0,5807.0000,"No Loan",Inactive
26,4448-06-17,"POPLATEK MESICNE",0,10387.0000,"No Loan",Inactive
27,4448-10-13,"POPLATEK MESICNE",0,4054.0000,"No Loan",Inactive
33,4448-07-05,"POPLATEK MESICNE",0,3892.0000,"No Loan",Inactive
34,4448-10-04,"POPLATEK TYDNE",0,8051.0000,"No Loan",Inactive
35,4448-03-08,"POPLATEK MESICNE",0,2384.0000,"No Loan",Inactive
36,4448-03-02,"POPLATEK MESICNE",0,4069.0000,"No Loan",Inactive
39,4448-10-09,"POPLATEK MESICNE",0,3115.0000,"No Loan",Inactive
40,4449-01-20,"POPLATEK MESICNE",0,4334.0000,"No Loan",Inactive
44,4447-08-24,"POPLATEK MESICNE",0,2344.0000,"No Loan",Inactive
47,4448-06-17,"POPLATEK MESICNE",0,7264.0000,"No Loan",Inactive
62,4447-02-23,"POPLATEK MESICNE",0,2273.0000,"No Loan",Inactive
73,4449-04-13,"POPLATEK MESICNE",0,6061.0000,"No Loan",Inactive
78,4448-03-08,"POPLATEK MESICNE",0,9039.0000,"No Loan",Inactive
83,4447-05-22,"POPLATEK MESICNE",0,6150.0000,"No Loan",Inactive
86,4447-02-02,"POPLATEK MESICNE",16172,4324.0000,"No Loan",Active
96,4446-11-05,"POPLATEK MESICNE",568210,24480.0000,"No Loan",Active
102,4449-01-11,"POPLATEK MESICNE",0,11120.0000,"No Loan",Inactive
104,4447-05-21,"POPLATEK MESICNE",0,2042.0000,"No Loan",Inactive
107,4449-04-10,"POPLATEK MESICNE",0,4554.0000,"No Loan",Inactive
112,4447-02-07,"POPLATEK MESICNE",13564,4102.0000,"No Loan",Active
115,4447-02-14,"POPLATEK MESICNE",800,5110.0000,"No Loan",Active
117,4448-09-22,"POPLATEK MESICNE",0,2329.0000,"No Loan",Inactive
119,4447-09-08,"POPLATEK MESICNE",0,8252.0000,"No Loan",Inactive
123,4447-02-08,"POPLATEK MESICNE",400,3016.0000,"No Loan",Active
126,4449-01-18,"POPLATEK MESICNE",0,7384.0000,"No Loan",Inactive
128,4446-11-06,"POPLATEK MESICNE",11800,0.0000,"No Loan",Active
135,4447-12-07,"POPLATEK MESICNE",0,0.0000,"No Loan",Inactive
142,4446-11-02,"POPLATEK MESICNE",10910,3690.0000,"No Loan",Active
146,4448-09-19,"POPLATEK MESICNE",0,3823.0000,"No Loan",Inactive
148,4447-12-13,"POPLATEK MESICNE",0,2312.0000,"No Loan",Inactive
151,4448-09-23,"POPLATEK MESICNE",0,3079.0000,"No Loan",Inactive
153,4448-10-06,"POPLATEK MESICNE",0,4544.0000,"No Loan",Inactive
160,4448-09-21,"POPLATEK MESICNE",0,7926.0000,"No Loan",Inactive
162,4448-07-04,"POPLATEK MESICNE",0,3458.0000,"No Loan",Inactive
163,4446-08-06,"POPLATEK MESICNE",28592,11184.0000,"No Loan",Active
165,4447-11-23,"POPLATEK MESICNE",0,1788.0000,"No Loan",Inactive
168,4447-06-02,"POPLATEK MESICNE",0,2013.0000,"No Loan",Inactive
172,4448-07-09,"POPLATEK MESICNE",0,4221.0000,"No Loan",Inactive
186,4448-03-30,"POPLATEK TYDNE",0,6862.0000,"No Loan",Inactive
187,4447-02-23,"POPLATEK MESICNE",0,2798.0000,"No Loan",Inactive
188,4447-05-26,"POPLATEK MESICNE",0,7426.0000,"No Loan",Inactive
192,4446-07-18,"POPLATEK MESICNE",12018,10749.0000,"No Loan",Active
196,4449-04-19,"POPLATEK MESICNE",0,8626.0000,"No Loan",Inactive
197,4446-11-12,"POPLATEK MESICNE",22518,18908.0000,"No Loan",Active
198,4449-01-20,"POPLATEK MESICNE",0,2866.0000,"No Loan",Inactive
207,4448-03-26,"POPLATEK MESICNE",0,3139.0000,"No Loan",Inactive
212,4446-07-30,"POPLATEK TYDNE",143932,83046.0000,"No Loan",Active
220,4447-05-15,"POPLATEK MESICNE",0,3095.0000,"No Loan",Inactive
222,4447-02-10,"POPLATEK MESICNE",500,3441.0000,"No Loan",Active
225,4448-03-29,"POPLATEK MESICNE",0,3385.0000,"No Loan",Inactive
228,4448-10-15,"POPLATEK MESICNE",0,4104.0000,"No Loan",Inactive
234,4448-03-16,"POPLATEK MESICNE",0,2809.0000,"No Loan",Inactive
235,4449-01-01,"POPLATEK MESICNE",0,2216.0000,"No Loan",Inactive
238,4448-06-24,"POPLATEK MESICNE",0,2234.0000,"No Loan",Inactive
239,4447-01-27,"POPLATEK TYDNE",900,7189.0000,"No Loan",Active
243,4449-04-11,"POPLATEK TYDNE",0,4108.0000,"No Loan",Inactive
244,4446-10-26,"POPLATEK MESICNE",44616,7944.0000,"No Loan",Active
259,4449-01-23,"POPLATEK MESICNE",0,3154.0000,"No Loan",Inactive
273,4448-03-12,"POPLATEK PO OBRATU",0,9299.0000,"No Loan",Inactive
274,4448-06-29,"POPLATEK MESICNE",0,9886.0000,"No Loan",Inactive
279,4447-05-20,"POPLATEK MESICNE",0,2004.0000,"No Loan",Inactive
280,4446-08-02,"POPLATEK MESICNE",107115,53910.0000,"No Loan",Active
287,4449-01-22,"POPLATEK MESICNE",0,2344.0000,"No Loan",Inactive
299,4447-05-11,"POPLATEK MESICNE",0,0.0000,"No Loan",Inactive
300,4447-12-15,"POPLATEK MESICNE",0,1628.0000,"No Loan",Inactive
306,4447-11-30,"POPLATEK MESICNE",0,3657.0000,"No Loan",Inactive
317,4447-02-05,"POPLATEK MESICNE",6722,6136.0000,"No Loan",Active
321,4449-04-16,"POPLATEK MESICNE",0,1876.0000,"No Loan",Inactive
322,4446-11-07,"POPLATEK MESICNE",42492,19650.0000,"No Loan",Active
327,4447-11-24,"POPLATEK MESICNE",0,7057.0000,"No Loan",Inactive
334,4447-09-07,"POPLATEK MESICNE",0,3542.0000,"No Loan",Inactive
340,4449-04-08,"POPLATEK MESICNE",0,1818.0000,"No Loan",Inactive
346,4446-07-21,"POPLATEK MESICNE",49832,47250.0000,"No Loan",Active
354,4449-01-23,"POPLATEK MESICNE",0,4771.0000,"No Loan",Inactive
361,4446-11-14,"POPLATEK MESICNE",48476,6658.0000,"No Loan",Active
362,4447-05-10,"POPLATEK MESICNE",0,6361.0000,"No Loan",Inactive
368,4448-03-07,"POPLATEK MESICNE",0,6680.0000,"No Loan",Inactive
374,4446-07-19,"POPLATEK MESICNE",59951,0.0000,"No Loan",Active
381,4448-03-05,"POPLATEK MESICNE",0,0.0000,"No Loan",Inactive
385,4447-05-13,"POPLATEK MESICNE",0,2312.0000,"No Loan",Inactive
389,4448-07-07,"POPLATEK MESICNE",0,4164.0000,"No Loan",Inactive
395,4447-02-07,"POPLATEK MESICNE",2400,8735.0000,"No Loan",Active
396,4447-02-03,"POPLATEK MESICNE",4000,5882.0000,"No Loan",Active
397,4449-01-21,"POPLATEK MESICNE",0,0.0000,"No Loan",Inactive
400,4448-03-18,"POPLATEK MESICNE",0,6948.0000,"No Loan",Inactive
401,4446-07-28,"POPLATEK MESICNE",75536,32214.0000,"No Loan",Active
403,4448-03-30,"POPLATEK MESICNE",0,2401.0000,"No Loan",Inactive
408,4448-03-22,"POPLATEK MESICNE",0,5042.0000,"No Loan",Inactive
411,4446-10-23,"POPLATEK MESICNE",40336,42495.0000,"No Loan",Active
415,4447-01-29,"POPLATEK MESICNE",13510,17480.0000,"No Loan",Active
419,4449-01-20,"POPLATEK MESICNE",0,0.0000,"No Loan",Inactive
423,4447-02-23,"POPLATEK MESICNE",0,1942.0000,"No Loan",Inactive
425,4447-02-14,"POPLATEK MESICNE",1200,3260.0000,"No Loan",Active
428,4446-11-14,"POPLATEK MESICNE",13628,7974.0000,"No Loan",Active
432,4447-12-08,"POPLATEK MESICNE",0,0.0000,"No Loan",Inactive
433,4447-12-04,"POPLATEK MESICNE",0,0.0000,"No Loan",Inactive
435,4446-07-18,"POPLATEK MESICNE",10478,9567.0000,"No Loan",Active
443,4446-08-07,"POPLATEK MESICNE",19848,6114.0000,"No Loan",Active
445,4448-03-30,"POPLATEK TYDNE",0,11565.0000,"No Loan",Inactive
446,4447-12-07,"POPLATEK MESICNE",0,6941.0000,"No Loan",Inactive
456,4446-07-31,"POPLATEK MESICNE",136313,28698.0000,"No Loan",Active
459,4446-07-31,"POPLATEK MESICNE",17500,0.0000,"No Loan",Active
461,4446-11-05,"POPLATEK MESICNE",13976,3060.0000,"No Loan",Active
462,4449-04-15,"POPLATEK MESICNE",0,8325.0000,"No Loan",Inactive
465,4446-10-22,"POPLATEK MESICNE",66228,62025.0000,"No Loan",Active
467,4448-10-11,"POPLATEK MESICNE",0,6832.0000,"No Loan",Inactive
477,4446-08-04,"POPLATEK MESICNE",117294,20262.0000,"No Loan",Active
485,4446-07-14,"POPLATEK PO OBRATU",966012,258638.0000,"No Loan",Active
489,4447-08-31,"POPLATEK MESICNE",0,5608.0000,"No Loan",Inactive
492,4449-01-05,"POPLATEK MESICNE",0,0.0000,"No Loan",Inactive
494,4447-02-06,"POPLATEK MESICNE",1200,11565.0000,"No Loan",Active
496,4446-11-13,"POPLATEK MESICNE",6204,7204.0000,"No Loan",Active
497,4447-05-21,"POPLATEK MESICNE",0,3405.0000,"No Loan",Inactive
504,4447-05-27,"POPLATEK MESICNE",0,2308.0000,"No Loan",Inactive
510,4447-11-24,"POPLATEK TYDNE",0,4804.0000,"No Loan",Inactive
517,4448-10-09,"POPLATEK MESICNE",0,9255.0000,"No Loan",Inactive
519,4449-04-17,"POPLATEK MESICNE",0,3245.0000,"No Loan",Inactive
520,4449-04-09,"POPLATEK MESICNE",0,2332.0000,"No Loan",Inactive
523,4448-06-20,"POPLATEK MESICNE",0,0.0000,"No Loan",Inactive
539,4446-11-03,"POPLATEK PO OBRATU",14200,0.0000,"No Loan",Active
540,4449-01-11,"POPLATEK MESICNE",0,0.0000,"No Loan",Inactive
541,4448-06-21,"POPLATEK MESICNE",0,8728.0000,"No Loan",Inactive
542,4449-04-06,"POPLATEK MESICNE",0,2750.0000,"No Loan",Inactive
551,4447-08-21,"POPLATEK MESICNE",0,0.0000,"No Loan",Inactive
552,4448-06-29,"POPLATEK MESICNE",0,2097.0000,"No Loan",Inactive
555,4447-08-29,"POPLATEK MESICNE",0,7768.0000,"No Loan",Inactive
559,4447-01-31,"POPLATEK MESICNE",5972,4350.0000,"No Loan",Active
562,4446-11-12,"POPLATEK MESICNE",4100,0.0000,"No Loan",Active
563,4448-03-28,"POPLATEK MESICNE",0,6245.0000,"No Loan",Inactive
574,4448-03-31,"POPLATEK MESICNE",0,0.0000,"No Loan",Inactive
576,4446-07-11,"POPLATEK MESICNE",39142,21972.0000,"No Loan",Active
588,4447-02-09,"POPLATEK MESICNE",3000,5089.0000,"No Loan",Active
601,4448-06-13,"POPLATEK MESICNE",0,2230.0000,"No Loan",Inactive
616,4449-01-09,"POPLATEK MESICNE",0,1869.0000,"No Loan",Inactive
623,4447-02-19,"POPLATEK MESICNE",800,2072.0000,"No Loan",Active
624,4449-01-06,"POPLATEK MESICNE",0,0.0000,"No Loan",Inactive
626,4449-04-16,"POPLATEK MESICNE",0,3639.0000,"No Loan",Inactive
627,4446-10-23,"POPLATEK MESICNE",92120,43910.0000,"No Loan",Active
630,4447-12-21,"POPLATEK MESICNE",0,2361.0000,"No Loan",Inactive
640,4447-11-24,"POPLATEK MESICNE",0,2891.0000,"No Loan",Inactive
648,4449-04-14,"POPLATEK MESICNE",0,9240.0000,"No Loan",Inactive
652,4446-07-15,"POPLATEK MESICNE",50109,60728.0000,"No Loan",Active
655,4447-02-19,"POPLATEK MESICNE",4000,4469.0000,"No Loan",Active
657,4448-06-17,"POPLATEK MESICNE",0,2928.0000,"No Loan",Inactive
678,4449-01-03,"POPLATEK MESICNE",0,5088.0000,"No Loan",Inactive
686,4447-05-10,"POPLATEK MESICNE",0,6070.0000,"No Loan",Inactive
697,4446-11-10,"POPLATEK MESICNE",48534,19116.0000,"No Loan",Active
699,4448-10-04,"POPLATEK MESICNE",0,0.0000,"No Loan",Inactive
701,4447-11-30,"POPLATEK MESICNE",0,0.0000,"No Loan",Inactive
702,4447-12-15,"POPLATEK MESICNE",0,2813.0000,"No Loan",Inactive
704,4446-07-11,"POPLATEK MESICNE",261480,26704.0000,"No Loan",Active
717,4447-05-30,"POPLATEK MESICNE",0,6561.0000,"No Loan",Inactive
721,4448-07-08,"POPLATEK MESICNE",0,2194.0000,"No Loan",Inactive
730,4448-07-07,"POPLATEK MESICNE",0,0.0000,"No Loan",Inactive
738,4447-12-13,"POPLATEK MESICNE",0,4723.0000,"No Loan",Inactive
743,4449-04-10,"POPLATEK MESICNE",0,2691.0000,"No Loan",Inactive
744,4447-02-01,"POPLATEK MESICNE",6140,4330.0000,"No Loan",Active
747,4448-06-18,"POPLATEK MESICNE",0,2672.0000,"No Loan",Inactive
748,4447-05-14,"POPLATEK MESICNE",0,6492.0000,"No Loan",Inactive
750,4448-09-29,"POPLATEK MESICNE",0,6615.0000,"No Loan",Inactive
751,4447-08-26,"POPLATEK MESICNE",0,2363.0000,"No Loan",Inactive
757,4448-03-20,"POPLATEK MESICNE",0,0.0000,"No Loan",Inactive
759,4448-06-10,"POPLATEK MESICNE",0,0.0000,"No Loan",Inactive
764,4446-07-18,"POPLATEK MESICNE",13576,0.0000,"No Loan",Active
772,4446-07-31,"POPLATEK MESICNE",61750,0.0000,"No Loan",Active
773,4447-12-11,"POPLATEK MESICNE",0,0.0000,"No Loan",Inactive
774,4447-11-30,"POPLATEK MESICNE",0,0.0000,"No Loan",Inactive
787,4449-04-19,"POPLATEK MESICNE",0,0.0000,"No Loan",Inactive
790,4447-08-25,"POPLATEK MESICNE",0,0.0000,"Has Loan",Inactive
793,4446-07-13,"POPLATEK MESICNE",22072,0.0000,"No Loan",Active
799,4449-01-05,"POPLATEK MESICNE",0,0.0000,"No Loan",Inactive
813,4446-10-28,"POPLATEK MESICNE",26144,0.0000,"Has Loan",Active
815,4448-07-04,"POPLATEK MESICNE",0,0.0000,"No Loan",Inactive
816,4448-06-14,"POPLATEK MESICNE",0,0.0000,"Has Loan",Inactive
830,4446-10-26,"POPLATEK MESICNE",37846,0.0000,"No Loan",Active
837,4448-10-05,"POPLATEK MESICNE",0,0.0000,"No Loan",Inactive
838,4449-01-18,"POPLATEK MESICNE",0,0.0000,"No Loan",Inactive
841,4449-04-09,"POPLATEK MESICNE",0,0.0000,"No Loan",Inactive
854,4448-10-08,"POPLATEK MESICNE",0,0.0000,"Has Loan",Inactive
857,4448-10-03,"POPLATEK MESICNE",0,0.0000,"No Loan",Inactive
860,4447-02-14,"POPLATEK MESICNE",600,0.0000,"No Loan",Active
861,4448-09-30,"POPLATEK MESICNE",0,0.0000,"No Loan",Inactive
862,4446-10-20,"POPLATEK TYDNE",99705,0.0000,"No Loan",Active
863,4447-08-30,"POPLATEK MESICNE",0,0.0000,"No Loan",Inactive
866,4446-07-20,"POPLATEK MESICNE",52372,0.0000,"No Loan",Active
882,4447-02-01,"POPLATEK MESICNE",11887,0.0000,"No Loan",Active
885,4447-12-17,"POPLATEK MESICNE",0,0.0000,"No Loan",Inactive
886,4447-12-15,"POPLATEK MESICNE",0,0.0000,"No Loan",Inactive
887,4447-08-19,"POPLATEK MESICNE",0,0.0000,"No Loan",Inactive
890,4446-10-23,"POPLATEK MESICNE",25505,0.0000,"No Loan",Active
892,4447-02-15,"POPLATEK MESICNE",900,0.0000,"No Loan",Active
897,4447-06-01,"POPLATEK MESICNE",0,0.0000,"No Loan",Inactive
899,4447-12-13,"POPLATEK MESICNE",0,0.0000,"No Loan",Inactive
902,4447-12-21,"POPLATEK MESICNE",0,0.0000,"No Loan",Inactive
907,4448-03-10,"POPLATEK MESICNE",0,0.0000,"No Loan",Inactive
914,4449-04-19,"POPLATEK MESICNE",0,0.0000,"No Loan",Inactive
925,4446-11-10,"POPLATEK MESICNE",23200,0.0000,"No Loan",Active
928,4447-06-01,"POPLATEK MESICNE",0,0.0000,"No Loan",Inactive
929,4448-03-04,"POPLATEK MESICNE",0,0.0000,"No Loan",Inactive
930,4448-06-12,"POPLATEK MESICNE",0,0.0000,"No Loan",Inactive
931,4449-01-10,"POPLATEK MESICNE",0,0.0000,"No Loan",Inactive
942,4448-06-25,"POPLATEK MESICNE",0,0.0000,"No Loan",Inactive
943,4446-10-21,"POPLATEK MESICNE",7248,0.0000,"No Loan",Active
944,4447-02-03,"POPLATEK MESICNE",17427,0.0000,"No Loan",Active
947,4447-08-31,"POPLATEK MESICNE",0,0.0000,"No Loan",Inactive
950,4448-07-05,"POPLATEK MESICNE",0,0.0000,"No Loan",Inactive
965,4448-07-04,"POPLATEK MESICNE",0,0.0000,"No Loan",Inactive
977,4447-06-01,"POPLATEK MESICNE",0,0.0000,"No Loan",Inactive
978,4448-06-27,"POPLATEK MESICNE",0,0.0000,"No Loan",Inactive
979,4446-11-03,"POPLATEK MESICNE",20114,0.0000,"No Loan",Active
982,4446-10-23,"POPLATEK MESICNE",18219,0.0000,"No Loan",Active
991,4447-09-01,"POPLATEK MESICNE",0,0.0000,"No Loan",Inactive
998,4449-04-16,"POPLATEK MESICNE",0,0.0000,"No Loan",Inactive
1000,4446-08-04,"POPLATEK MESICNE",64418,0.0000,"No Loan",Active
1005,4446-11-10,"POPLATEK TYDNE",40183,0.0000,"No Loan",Active
1006,4446-10-26,"POPLATEK MESICNE",16037,0.0000,"No Loan",Active
1016,4448-10-16,"POPLATEK MESICNE",0,0.0000,"No Loan",Inactive
1018,4447-11-25,"POPLATEK MESICNE",0,0.0000,"No Loan",Inactive
1019,4446-07-31,"POPLATEK MESICNE",54325,0.0000,"No Loan",Active
1023,4448-06-22,"POPLATEK MESICNE",0,0.0000,"No Loan",Inactive
1032,4447-06-01,"POPLATEK MESICNE",0,0.0000,"No Loan",Inactive
1039,4447-08-24,"POPLATEK TYDNE",0,0.0000,"No Loan",Inactive
1048,4447-08-19,"POPLATEK MESICNE",0,0.0000,"No Loan",Inactive
1050,4446-11-11,"POPLATEK PO OBRATU",27117,0.0000,"No Loan",Active
1051,4449-01-16,"POPLATEK MESICNE",0,0.0000,"No Loan",Inactive
1052,4448-10-14,"POPLATEK MESICNE",0,0.0000,"No Loan",Inactive
1054,4446-11-06,"POPLATEK MESICNE",17250,0.0000,"No Loan",Active
1057,4448-07-02,"POPLATEK MESICNE",0,0.0000,"No Loan",Inactive
1062,4448-03-12,"POPLATEK MESICNE",0,0.0000,"No Loan",Inactive
1065,4447-02-22,"POPLATEK MESICNE",0,0.0000,"No Loan",Inactive
1069,4448-03-25,"POPLATEK MESICNE",0,0.0000,"No Loan",Inactive
1071,4447-08-24,"POPLATEK TYDNE",0,0.0000,"Has Loan",Inactive
1077,4447-01-29,"POPLATEK MESICNE",2500,0.0000,"No Loan",Active
1079,4448-10-01,"POPLATEK MESICNE",0,0.0000,"No Loan",Inactive
1091,4448-09-26,"POPLATEK MESICNE",0,0.0000,"No Loan",Inactive
1106,4448-07-08,"POPLATEK TYDNE",0,0.0000,"Has Loan",Inactive
1107,4448-09-25,"POPLATEK MESICNE",0,0.0000,"No Loan",Inactive
1114,4449-04-18,"POPLATEK TYDNE",0,0.0000,"No Loan",Inactive
1115,4447-02-22,"POPLATEK MESICNE",0,0.0000,"No Loan",Inactive
1116,4448-03-21,"POPLATEK MESICNE",0,0.0000,"No Loan",Inactive
1118,4448-03-05,"POPLATEK MESICNE",0,0.0000,"No Loan",Inactive
1120,4448-12-31,"POPLATEK MESICNE",0,0.0000,"No Loan",Inactive
1123,4449-04-06,"POPLATEK MESICNE",0,0.0000,"No Loan",Inactive
1126,4447-02-03,"POPLATEK MESICNE",1100,0.0000,"No Loan",Active
1127,4446-08-06,"POPLATEK MESICNE",49072,0.0000,"No Loan",Active
1132,4446-10-21,"POPLATEK TYDNE",109142,0.0000,"No Loan",Active
1133,4449-04-06,"POPLATEK MESICNE",0,0.0000,"No Loan",Inactive
1134,4446-10-27,"POPLATEK MESICNE",20570,0.0000,"No Loan",Active
1136,4448-06-16,"POPLATEK MESICNE",0,0.0000,"No Loan",Inactive
1144,4446-08-07,"POPLATEK MESICNE",6950,0.0000,"No Loan",Active
1145,4448-03-04,"POPLATEK MESICNE",0,0.0000,"No Loan",Inactive
1146,4448-09-29,"POPLATEK MESICNE",0,0.0000,"No Loan",Inactive
1147,4447-05-16,"POPLATEK MESICNE",0,0.0000,"No Loan",Inactive
1152,4447-05-21,"POPLATEK MESICNE",0,0.0000,"No Loan",Inactive
1157,4447-02-22,"POPLATEK MESICNE",0,0.0000,"No Loan",Inactive
1161,4447-08-22,"POPLATEK MESICNE",0,0.0000,"No Loan",Inactive
1166,4447-05-27,"POPLATEK MESICNE",0,0.0000,"Has Loan",Inactive
1179,4446-08-02,"POPLATEK MESICNE",9124,0.0000,"No Loan",Active
1180,4447-09-02,"POPLATEK MESICNE",0,0.0000,"No Loan",Inactive
1189,4447-02-14,"POPLATEK MESICNE",600,0.0000,"No Loan",Active
1197,4448-09-24,"POPLATEK MESICNE",0,0.0000,"No Loan",Inactive
1200,4447-08-21,"POPLATEK MESICNE",0,0.0000,"No Loan",Inactive
1201,4448-03-24,"POPLATEK MESICNE",0,0.0000,"No Loan",Inactive
1207,4447-11-30,"POPLATEK MESICNE",0,0.0000,"No Loan",Inactive
1217,4449-01-20,"POPLATEK MESICNE",0,0.0000,"No Loan",Inactive
1222,4446-07-30,"POPLATEK MESICNE",13320,0.0000,"No Loan",Active
1234,4448-09-30,"POPLATEK MESICNE",0,0.0000,"No Loan",Inactive
1236,4447-08-19,"POPLATEK MESICNE",0,0.0000,"No Loan",Inactive
1239,4447-05-16,"POPLATEK MESICNE",0,0.0000,"No Loan",Inactive
1247,4447-11-30,"POPLATEK MESICNE",0,0.0000,"Has Loan",Inactive
1268,4448-03-26,"POPLATEK MESICNE",0,0.0000,"No Loan",Inactive
1272,4447-09-08,"POPLATEK TYDNE",0,0.0000,"No Loan",Inactive
1276,4446-07-17,"POPLATEK MESICNE",33629,0.0000,"No Loan",Active
1277,4447-12-12,"POPLATEK MESICNE",0,0.0000,"No Loan",Inactive
1285,4447-11-26,"POPLATEK MESICNE",0,0.0000,"No Loan",Inactive
1297,4448-03-28,"POPLATEK MESICNE",0,0.0000,"No Loan",Inactive
1299,4447-12-13,"POPLATEK MESICNE",0,0.0000,"No Loan",Inactive
1305,4448-07-04,"POPLATEK MESICNE",0,0.0000,"No Loan",Inactive
1322,4448-03-06,"POPLATEK MESICNE",0,0.0000,"No Loan",Inactive
1332,4447-02-20,"POPLATEK MESICNE",300,0.0000,"No Loan",Active
1334,4447-08-28,"POPLATEK MESICNE",0,0.0000,"No Loan",Inactive
1337,4448-09-18,"POPLATEK MESICNE",0,0.0000,"No Loan",Inactive
1338,4446-07-21,"POPLATEK MESICNE",46176,0.0000,"No Loan",Active
1345,4449-01-14,"POPLATEK MESICNE",0,0.0000,"No Loan",Inactive
1366,4446-11-11,"POPLATEK MESICNE",8526,0.0000,"No Loan",Active
1372,4447-02-11,"POPLATEK MESICNE",300,0.0000,"No Loan",Active
1373,4447-12-04,"POPLATEK MESICNE",0,0.0000,"No Loan",Inactive
1378,4447-01-30,"POPLATEK MESICNE",25519,0.0000,"No Loan",Active
1381,4449-04-06,"POPLATEK MESICNE",0,0.0000,"No Loan",Inactive
1382,4448-06-12,"POPLATEK MESICNE",0,0.0000,"No Loan",Inactive
1392,4447-06-03,"POPLATEK MESICNE",0,0.0000,"No Loan",Inactive
1397,4447-02-17,"POPLATEK MESICNE",700,0.0000,"No Loan",Active
1401,4448-06-21,"POPLATEK MESICNE",0,0.0000,"No Loan",Inactive
1402,4447-02-21,"POPLATEK MESICNE",0,0.0000,"No Loan",Inactive
1404,4448-10-09,"POPLATEK TYDNE",0,0.0000,"No Loan",Inactive
1410,4448-09-28,"POPLATEK MESICNE",0,0.0000,"No Loan",Inactive
1411,4448-03-10,"POPLATEK MESICNE",0,0.0000,"No Loan",Inactive
1412,4447-09-01,"POPLATEK MESICNE",0,0.0000,"No Loan",Inactive
1416,4448-03-13,"POPLATEK TYDNE",0,0.0000,"No Loan",Inactive
1422,4447-05-15,"POPLATEK MESICNE",0,0.0000,"No Loan",Inactive
1425,4448-03-07,"POPLATEK MESICNE",0,0.0000,"No Loan",Inactive
1429,4448-03-31,"POPLATEK MESICNE",0,0.0000,"No Loan",Inactive
1440,4448-10-09,"POPLATEK MESICNE",0,0.0000,"No Loan",Inactive
1442,4447-09-06,"POPLATEK MESICNE",0,0.0000,"No Loan",Inactive
1449,4448-07-05,"POPLATEK MESICNE",0,0.0000,"No Loan",Inactive
1451,4447-12-16,"POPLATEK MESICNE",0,0.0000,"No Loan",Inactive
1453,4448-10-12,"POPLATEK TYDNE",0,0.0000,"No Loan",Inactive
1468,4449-01-06,"POPLATEK MESICNE",0,0.0000,"No Loan",Inactive
1475,4447-12-06,"POPLATEK TYDNE",0,0.0000,"No Loan",Inactive
1476,4447-06-01,"POPLATEK MESICNE",0,0.0000,"No Loan",Inactive
1477,4446-10-26,"POPLATEK MESICNE",7012,0.0000,"No Loan",Active
1481,4446-07-27,"POPLATEK MESICNE",7196,0.0000,"No Loan",Active
1485,4448-12-29,"POPLATEK MESICNE",0,0.0000,"No Loan",Inactive
1487,4448-09-27,"POPLATEK MESICNE",0,0.0000,"No Loan",Inactive
1493,4446-07-19,"POPLATEK MESICNE",15262,0.0000,"No Loan",Active
1495,4449-04-06,"POPLATEK MESICNE",0,0.0000,"No Loan",Inactive
1497,4448-03-17,"POPLATEK MESICNE",0,0.0000,"No Loan",Inactive
1505,4447-05-29,"POPLATEK MESICNE",0,0.0000,"No Loan",Inactive
1507,4448-06-12,"POPLATEK MESICNE",0,0.0000,"No Loan",Inactive
1513,4448-07-02,"POPLATEK MESICNE",0,0.0000,"No Loan",Inactive
1515,4447-12-03,"POPLATEK MESICNE",0,0.0000,"No Loan",Inactive
1516,4449-01-03,"POPLATEK MESICNE",0,0.0000,"No Loan",Inactive
1518,4447-05-27,"POPLATEK MESICNE",0,0.0000,"No Loan",Inactive
1534,4447-09-07,"POPLATEK MESICNE",0,0.0000,"No Loan",Inactive
1535,4447-02-15,"POPLATEK MESICNE",200,0.0000,"No Loan",Active
1536,4446-08-01,"POPLATEK TYDNE",63549,0.0000,"No Loan",Active
1539,4446-07-13,"POPLATEK PO OBRATU",69788,0.0000,"No Loan",Active
1544,4448-03-15,"POPLATEK MESICNE",0,0.0000,"No Loan",Inactive
1545,4447-02-03,"POPLATEK MESICNE",200,0.0000,"No Loan",Active
1547,4448-10-01,"POPLATEK MESICNE",0,0.0000,"No Loan",Inactive
1565,4449-01-15,"POPLATEK MESICNE",0,0.0000,"No Loan",Inactive
1566,4448-03-08,"POPLATEK MESICNE",0,0.0000,"No Loan",Inactive
1575,4446-11-14,"POPLATEK MESICNE",6348,0.0000,"No Loan",Active
1584,4447-09-10,"POPLATEK MESICNE",0,0.0000,"No Loan",Inactive
1589,4448-06-16,"POPLATEK MESICNE",0,0.0000,"No Loan",Inactive
1601,4446-10-27,"POPLATEK MESICNE",4542,0.0000,"No Loan",Active
1602,4448-10-06,"POPLATEK MESICNE",0,0.0000,"No Loan",Inactive
1603,4447-08-23,"POPLATEK MESICNE",0,0.0000,"Has Loan",Inactive
1610,4447-08-31,"POPLATEK MESICNE",0,0.0000,"No Loan",Inactive
1617,4447-11-23,"POPLATEK MESICNE",0,0.0000,"No Loan",Inactive
1628,4446-07-20,"POPLATEK MESICNE",13562,0.0000,"No Loan",Active
1630,4448-03-29,"POPLATEK MESICNE",0,0.0000,"No Loan",Inactive
1637,4446-07-18,"POPLATEK MESICNE",17696,0.0000,"No Loan",Active
1644,4447-08-23,"POPLATEK MESICNE",0,0.0000,"No Loan",Inactive
1649,4446-08-05,"POPLATEK MESICNE",11700,0.0000,"No Loan",Active
1652,4447-09-03,"POPLATEK MESICNE",0,0.0000,"No Loan",Inactive
1658,4447-08-24,"POPLATEK MESICNE",0,0.0000,"No Loan",Inactive
1666,4449-01-25,"POPLATEK MESICNE",0,0.0000,"No Loan",Inactive
1671,4447-08-19,"POPLATEK MESICNE",0,0.0000,"No Loan",Inactive
1675,4446-10-19,"POPLATEK MESICNE",9768,0.0000,"No Loan",Active
1678,4446-11-09,"POPLATEK MESICNE",23516,0.0000,"No Loan",Active
1684,4448-03-11,"POPLATEK TYDNE",0,0.0000,"No Loan",Inactive
1688,4446-11-14,"POPLATEK MESICNE",6239,0.0000,"No Loan",Active
1689,4448-09-24,"POPLATEK MESICNE",0,0.0000,"No Loan",Inactive
1694,4448-07-08,"POPLATEK TYDNE",0,0.0000,"No Loan",Inactive
1695,4446-07-13,"POPLATEK MESICNE",24821,0.0000,"No Loan",Active
1699,4446-07-24,"POPLATEK MESICNE",11248,0.0000,"No Loan",Active
1701,4448-06-19,"POPLATEK MESICNE",0,0.0000,"No Loan",Inactive
1705,4448-10-02,"POPLATEK MESICNE",0,0.0000,"No Loan",Inactive
1713,4447-01-29,"POPLATEK MESICNE",1400,0.0000,"No Loan",Active
1719,4448-09-23,"POPLATEK MESICNE",0,0.0000,"No Loan",Inactive
1721,4447-02-20,"POPLATEK MESICNE",1100,0.0000,"No Loan",Active
1726,4446-07-13,"POPLATEK MESICNE",52249,0.0000,"No Loan",Active
1730,4446-07-19,"POPLATEK MESICNE",14278,0.0000,"No Loan",Active
1731,4446-07-24,"POPLATEK MESICNE",9716,0.0000,"No Loan",Active
1743,4447-11-26,"POPLATEK MESICNE",0,0.0000,"No Loan",Inactive
1750,4446-08-05,"POPLATEK MESICNE",53340,0.0000,"No Loan",Active
1761,4448-07-03,"POPLATEK MESICNE",0,0.0000,"No Loan",Inactive
1767,4449-01-15,"POPLATEK MESICNE",0,0.0000,"No Loan",Inactive
1771,4447-02-23,"POPLATEK MESICNE",0,0.0000,"No Loan",Inactive
1773,4447-05-25,"POPLATEK MESICNE",0,0.0000,"No Loan",Inactive
1775,4446-11-14,"POPLATEK MESICNE",7832,0.0000,"No Loan",Active
1779,4448-06-24,"POPLATEK MESICNE",0,0.0000,"No Loan",Inactive
1780,4447-05-08,"POPLATEK MESICNE",0,0.0000,"No Loan",Inactive
1782,4447-08-26,"POPLATEK MESICNE",0,0.0000,"No Loan",Inactive
1784,4447-08-22,"POPLATEK MESICNE",0,0.0000,"No Loan",Inactive
1786,4447-09-08,"POPLATEK MESICNE",0,0.0000,"No Loan",Inactive
1787,4447-02-17,"POPLATEK TYDNE",1100,0.0000,"Has Loan",Active
1789,4449-01-18,"POPLATEK MESICNE",0,0.0000,"No Loan",Inactive
1801,4446-10-31,"POPLATEK MESICNE",68317,0.0000,"Has Loan",Active
1804,4448-10-10,"POPLATEK TYDNE",0,0.0000,"No Loan",Inactive
1805,4446-10-20,"POPLATEK MESICNE",10600,0.0000,"No Loan",Active
1806,4446-07-29,"POPLATEK MESICNE",10458,0.0000,"No Loan",Active
1809,4449-04-17,"POPLATEK TYDNE",0,0.0000,"No Loan",Inactive
1811,4448-10-09,"POPLATEK MESICNE",0,0.0000,"Has Loan",Inactive
1815,4447-05-23,"POPLATEK MESICNE",0,0.0000,"No Loan",Inactive
1816,4449-01-03,"POPLATEK MESICNE",0,0.0000,"No Loan",Inactive
1822,4447-08-19,"POPLATEK MESICNE",0,0.0000,"No Loan",Inactive
1827,4448-09-23,"POPLATEK MESICNE",0,0.0000,"No Loan",Inactive
1829,4446-11-14,"POPLATEK MESICNE",8329,0.0000,"No Loan",Active
1830,4446-10-26,"POPLATEK MESICNE",20238,0.0000,"No Loan",Active
1831,4448-10-08,"POPLATEK MESICNE",0,0.0000,"No Loan",Inactive
1834,4448-06-12,"POPLATEK MESICNE",0,0.0000,"No Loan",Inactive
1837,4447-12-16,"POPLATEK MESICNE",0,0.0000,"No Loan",Inactive
1843,4446-08-09,"POPLATEK MESICNE",40164,0.0000,"Has Loan",Active
1844,4446-07-16,"POPLATEK MESICNE",10255,0.0000,"No Loan",Active
1851,4447-09-06,"POPLATEK MESICNE",0,0.0000,"No Loan",Inactive
1852,4448-03-06,"POPLATEK MESICNE",0,0.0000,"No Loan",Inactive
1861,4448-03-03,"POPLATEK MESICNE",0,0.0000,"No Loan",Inactive
1874,4447-02-22,"POPLATEK MESICNE",0,0.0000,"No Loan",Inactive
1875,4448-06-30,"POPLATEK MESICNE",0,0.0000,"No Loan",Inactive
1887,4447-08-23,"POPLATEK MESICNE",0,0.0000,"No Loan",Inactive
1891,4447-05-16,"POPLATEK MESICNE",0,0.0000,"No Loan",Inactive
1892,4448-03-14,"POPLATEK MESICNE",0,0.0000,"No Loan",Inactive
1896,4448-12-31,"POPLATEK MESICNE",0,0.0000,"No Loan",Inactive
1898,4447-05-07,"POPLATEK MESICNE",0,0.0000,"No Loan",Inactive
1902,4448-03-18,"POPLATEK TYDNE",0,0.0000,"No Loan",Inactive
1909,4446-07-22,"POPLATEK MESICNE",7182,0.0000,"No Loan",Active
1912,4448-06-24,"POPLATEK MESICNE",0,0.0000,"No Loan",Inactive
1925,4448-06-12,"POPLATEK MESICNE",0,0.0000,"No Loan",Inactive
1926,4446-07-16,"POPLATEK MESICNE",26690,0.0000,"No Loan",Active
1930,4447-12-19,"POPLATEK MESICNE",0,0.0000,"No Loan",Inactive
1937,4447-09-01,"POPLATEK MESICNE",0,0.0000,"No Loan",Inactive
1941,4449-04-20,"POPLATEK MESICNE",0,0.0000,"No Loan",Inactive
1944,4446-10-30,"POPLATEK MESICNE",21680,0.0000,"No Loan",Active
1947,4449-04-17,"POPLATEK MESICNE",0,0.0000,"No Loan",Inactive
1965,4446-10-26,"POPLATEK PO OBRATU",12800,0.0000,"No Loan",Active
1966,4446-10-30,"POPLATEK MESICNE",49582,0.0000,"No Loan",Active
1972,4446-07-12,"POPLATEK MESICNE",16337,0.0000,"No Loan",Active
1978,4447-12-03,"POPLATEK TYDNE",0,0.0000,"Has Loan",Inactive
1979,4446-07-21,"POPLATEK MESICNE",6942,0.0000,"No Loan",Active
1981,4449-01-03,"POPLATEK MESICNE",0,0.0000,"No Loan",Inactive
1984,4449-04-12,"POPLATEK MESICNE",0,0.0000,"No Loan",Inactive
1990,4447-12-01,"POPLATEK MESICNE",0,0.0000,"No Loan",Inactive
1998,4447-12-09,"POPLATEK MESICNE",0,0.0000,"No Loan",Inactive
1999,4447-11-28,"POPLATEK MESICNE",0,0.0000,"No Loan",Inactive
2002,4447-05-14,"POPLATEK MESICNE",0,0.0000,"No Loan",Inactive
2008,4447-05-22,"POPLATEK MESICNE",0,0.0000,"No Loan",Inactive
2011,4447-02-20,"POPLATEK MESICNE",900,0.0000,"No Loan",Active
2020,4448-09-21,"POPLATEK MESICNE",0,0.0000,"No Loan",Inactive
2022,4447-12-03,"POPLATEK MESICNE",0,0.0000,"No Loan",Inactive
2023,4446-08-05,"POPLATEK MESICNE",49964,0.0000,"No Loan",Active
2029,4447-09-12,"POPLATEK MESICNE",0,0.0000,"No Loan",Inactive
2037,4447-08-20,"POPLATEK MESICNE",0,0.0000,"No Loan",Inactive
2038,4448-06-15,"POPLATEK MESICNE",0,0.0000,"No Loan",Inactive
2039,4447-02-07,"POPLATEK MESICNE",300,0.0000,"No Loan",Active
2050,4449-01-17,"POPLATEK MESICNE",0,0.0000,"No Loan",Inactive
2052,4449-01-15,"POPLATEK MESICNE",0,0.0000,"No Loan",Inactive
2056,4447-05-13,"POPLATEK MESICNE",0,0.0000,"No Loan",Inactive
2061,4447-08-26,"POPLATEK MESICNE",0,0.0000,"No Loan",Inactive
2068,4447-11-24,"POPLATEK MESICNE",0,0.0000,"No Loan",Inactive
2070,4446-08-08,"POPLATEK MESICNE",32279,0.0000,"No Loan",Active
2072,4449-01-12,"POPLATEK MESICNE",0,0.0000,"No Loan",Inactive
2078,4448-03-09,"POPLATEK MESICNE",0,0.0000,"No Loan",Inactive
2082,4448-09-20,"POPLATEK MESICNE",0,0.0000,"No Loan",Inactive
2087,4446-07-18,"POPLATEK TYDNE",40629,0.0000,"No Loan",Active
2088,4448-03-29,"POPLATEK MESICNE",0,0.0000,"No Loan",Inactive
2099,4446-07-22,"POPLATEK TYDNE",169639,0.0000,"No Loan",Active
2110,4446-11-10,"POPLATEK MESICNE",3676,0.0000,"No Loan",Active
2122,4446-07-18,"POPLATEK MESICNE",159325,0.0000,"No Loan",Active
2123,4448-03-27,"POPLATEK MESICNE",0,0.0000,"No Loan",Inactive
2124,4446-11-07,"POPLATEK MESICNE",24031,0.0000,"No Loan",Active
2132,4449-01-03,"POPLATEK MESICNE",0,0.0000,"No Loan",Inactive
2137,4448-06-26,"POPLATEK PO OBRATU",0,0.0000,"No Loan",Inactive
2140,4449-01-16,"POPLATEK MESICNE",0,0.0000,"No Loan",Inactive
2146,4447-11-27,"POPLATEK MESICNE",0,0.0000,"No Loan",Inactive
2150,4448-09-29,"POPLATEK MESICNE",0,0.0000,"No Loan",Inactive
2167,4448-06-17,"POPLATEK MESICNE",0,0.0000,"Has Loan",Inactive
2175,4447-06-02,"POPLATEK MESICNE",0,0.0000,"No Loan",Inactive
2176,4447-11-28,"POPLATEK MESICNE",0,0.0000,"Has Loan",Inactive
2177,4446-07-14,"POPLATEK MESICNE",16216,0.0000,"No Loan",Active
2180,4449-01-22,"POPLATEK MESICNE",0,0.0000,"No Loan",Inactive
2186,4448-03-08,"POPLATEK MESICNE",0,0.0000,"No Loan",Inactive
2189,4447-05-28,"POPLATEK MESICNE",0,0.0000,"No Loan",Inactive
2199,4448-06-13,"POPLATEK MESICNE",0,0.0000,"No Loan",Inactive
2201,4448-12-31,"POPLATEK MESICNE",0,0.0000,"No Loan",Inactive
2213,4448-03-12,"POPLATEK MESICNE",0,0.0000,"No Loan",Inactive
2216,4447-05-23,"POPLATEK MESICNE",0,0.0000,"No Loan",Inactive
2219,4447-02-06,"POPLATEK MESICNE",400,0.0000,"No Loan",Active
2220,4446-10-28,"POPLATEK MESICNE",7253,0.0000,"No Loan",Active
2222,4447-08-15,"POPLATEK MESICNE",0,0.0000,"No Loan",Inactive
2241,4446-10-26,"POPLATEK MESICNE",20484,0.0000,"No Loan",Active
2242,4446-11-12,"POPLATEK TYDNE",43793,0.0000,"No Loan",Active
2245,4447-02-25,"POPLATEK MESICNE",0,0.0000,"Has Loan",Inactive
2250,4449-04-07,"POPLATEK MESICNE",0,0.0000,"No Loan",Inactive
2253,4448-03-25,"POPLATEK MESICNE",0,0.0000,"No Loan",Inactive
2256,4446-10-24,"POPLATEK MESICNE",10171,0.0000,"No Loan",Active
2269,4449-04-09,"POPLATEK MESICNE",0,0.0000,"No Loan",Inactive
2271,4449-04-18,"POPLATEK MESICNE",0,0.0000,"No Loan",Inactive
2276,4449-01-17,"POPLATEK MESICNE",0,0.0000,"No Loan",Inactive
2282,4448-10-04,"POPLATEK TYDNE",0,0.0000,"No Loan",Inactive
2293,4446-10-31,"POPLATEK MESICNE",7445,0.0000,"No Loan",Active
2298,4448-03-04,"POPLATEK MESICNE",0,0.0000,"No Loan",Inactive
2302,4448-09-27,"POPLATEK MESICNE",0,0.0000,"No Loan",Inactive
2313,4447-05-19,"POPLATEK TYDNE",0,0.0000,"No Loan",Inactive
2318,4449-04-13,"POPLATEK MESICNE",0,0.0000,"No Loan",Inactive
2321,4447-08-27,"POPLATEK MESICNE",0,0.0000,"No Loan",Inactive
2327,4447-11-30,"POPLATEK MESICNE",0,0.0000,"No Loan",Inactive
2330,4446-07-29,"POPLATEK MESICNE",6990,0.0000,"No Loan",Active
2336,4448-03-09,"POPLATEK MESICNE",0,0.0000,"No Loan",Inactive
2342,4446-10-29,"POPLATEK MESICNE",3647,0.0000,"No Loan",Active
2345,4449-01-20,"POPLATEK MESICNE",0,0.0000,"Has Loan",Inactive
2357,4446-07-14,"POPLATEK MESICNE",20151,0.0000,"No Loan",Active
2378,4446-07-11,"POPLATEK MESICNE",316381,0.0000,"No Loan",Active
2379,4446-07-20,"POPLATEK MESICNE",27500,0.0000,"No Loan",Active
2388,4447-12-01,"POPLATEK MESICNE",0,0.0000,"No Loan",Inactive
2393,4446-07-17,"POPLATEK MESICNE",41224,0.0000,"No Loan",Active
2396,4446-11-09,"POPLATEK MESICNE",4703,0.0000,"No Loan",Active
2410,4447-08-25,"POPLATEK MESICNE",0,0.0000,"No Loan",Inactive
2411,4447-12-19,"POPLATEK MESICNE",0,0.0000,"No Loan",Inactive
2417,4448-06-29,"POPLATEK MESICNE",0,0.0000,"No Loan",Inactive
2423,4446-11-01,"POPLATEK MESICNE",6071,0.0000,"No Loan",Active
2425,4446-08-02,"POPLATEK MESICNE",27529,0.0000,"No Loan",Active
2427,4449-01-03,"POPLATEK TYDNE",0,0.0000,"No Loan",Inactive
2428,4448-09-25,"POPLATEK MESICNE",0,0.0000,"No Loan",Inactive
2429,4446-10-24,"POPLATEK MESICNE",20309,0.0000,"No Loan",Active
2433,4446-11-06,"POPLATEK MESICNE",5218,0.0000,"No Loan",Active
2434,4446-10-20,"POPLATEK MESICNE",19995,0.0000,"No Loan",Active
2435,4449-04-06,"POPLATEK MESICNE",0,0.0000,"No Loan",Inactive
2436,4447-09-08,"POPLATEK MESICNE",0,0.0000,"No Loan",Inactive
2453,4447-02-03,"POPLATEK MESICNE",3685,0.0000,"No Loan",Active
2457,4449-04-16,"POPLATEK MESICNE",0,0.0000,"No Loan",Inactive
2458,4447-02-09,"POPLATEK TYDNE",1100,0.0000,"No Loan",Active
2464,4448-03-03,"POPLATEK PO OBRATU",0,0.0000,"No Loan",Inactive
2467,4447-09-12,"POPLATEK MESICNE",0,0.0000,"No Loan",Inactive
2479,4449-01-04,"POPLATEK MESICNE",0,0.0000,"No Loan",Inactive
2484,4446-07-13,"POPLATEK MESICNE",59198,0.0000,"No Loan",Active
2486,4446-11-14,"POPLATEK MESICNE",39020,0.0000,"Has Loan",Active
2488,4447-05-12,"POPLATEK MESICNE",0,0.0000,"No Loan",Inactive
2489,4447-02-04,"POPLATEK MESICNE",6681,0.0000,"No Loan",Active
2493,4447-02-24,"POPLATEK MESICNE",0,0.0000,"No Loan",Inactive
2497,4447-02-11,"POPLATEK MESICNE",300,0.0000,"No Loan",Active
2503,4447-01-31,"POPLATEK MESICNE",600,0.0000,"No Loan",Active
2508,4447-02-09,"POPLATEK MESICNE",700,0.0000,"No Loan",Active
2510,4448-07-07,"POPLATEK MESICNE",0,0.0000,"No Loan",Inactive
2513,4448-03-23,"POPLATEK MESICNE",0,0.0000,"No Loan",Inactive
2519,4446-07-25,"POPLATEK MESICNE",11588,0.0000,"No Loan",Active
2523,4447-08-25,"POPLATEK MESICNE",0,0.0000,"No Loan",Inactive
2527,4447-02-14,"POPLATEK MESICNE",1000,0.0000,"No Loan",Active
2528,4447-02-20,"POPLATEK MESICNE",1000,0.0000,"No Loan",Active
2534,4447-11-25,"POPLATEK MESICNE",0,0.0000,"No Loan",Inactive
2542,4448-06-16,"POPLATEK MESICNE",0,0.0000,"No Loan",Inactive
2543,4446-10-31,"POPLATEK MESICNE",13412,0.0000,"No Loan",Active
2549,4449-04-17,"POPLATEK MESICNE",0,0.0000,"No Loan",Inactive
2552,4448-03-02,"POPLATEK MESICNE",0,0.0000,"No Loan",Inactive
2554,4447-12-10,"POPLATEK MESICNE",0,0.0000,"No Loan",Inactive
2555,4447-02-05,"POPLATEK MESICNE",20122,0.0000,"No Loan",Active
2566,4446-08-06,"POPLATEK MESICNE",11500,0.0000,"No Loan",Active
2574,4446-10-20,"POPLATEK MESICNE",32677,0.0000,"No Loan",Active
2576,4448-09-19,"POPLATEK MESICNE",0,0.0000,"No Loan",Inactive
2581,4447-02-06,"POPLATEK MESICNE",20153,0.0000,"No Loan",Active
2582,4449-04-06,"POPLATEK MESICNE",0,0.0000,"No Loan",Inactive
2583,4447-08-25,"POPLATEK MESICNE",0,0.0000,"No Loan",Inactive
2584,4448-03-09,"POPLATEK MESICNE",0,0.0000,"No Loan",Inactive
2585,4446-10-28,"POPLATEK MESICNE",35164,0.0000,"No Loan",Active
2592,4448-09-18,"POPLATEK MESICNE",0,0.0000,"No Loan",Inactive
2599,4447-05-26,"POPLATEK MESICNE",0,0.0000,"No Loan",Inactive
2609,4447-08-17,"POPLATEK MESICNE",0,0.0000,"No Loan",Inactive
2613,4448-12-29,"POPLATEK MESICNE",0,0.0000,"No Loan",Inactive
2616,4448-06-26,"POPLATEK MESICNE",0,0.0000,"No Loan",Inactive
2617,4448-10-11,"POPLATEK MESICNE",0,0.0000,"No Loan",Inactive
2618,4447-02-16,"POPLATEK MESICNE",600,0.0000,"No Loan",Active
2620,4448-06-12,"POPLATEK MESICNE",0,0.0000,"No Loan",Inactive
2623,4449-01-04,"POPLATEK MESICNE",0,0.0000,"No Loan",Inactive
2632,4446-07-12,"POPLATEK MESICNE",56062,0.0000,"No Loan",Active
2639,4447-06-01,"POPLATEK MESICNE",0,0.0000,"No Loan",Inactive
2641,4447-08-16,"POPLATEK MESICNE",0,0.0000,"No Loan",Inactive
2645,4447-09-05,"POPLATEK MESICNE",0,0.0000,"No Loan",Inactive
2647,4446-10-26,"POPLATEK MESICNE",26065,0.0000,"No Loan",Active
2648,4447-05-19,"POPLATEK MESICNE",0,0.0000,"No Loan",Inactive
2649,4448-09-25,"POPLATEK MESICNE",0,0.0000,"No Loan",Inactive
2651,4447-02-16,"POPLATEK MESICNE",200,0.0000,"No Loan",Active
2660,4449-01-12,"POPLATEK TYDNE",0,0.0000,"No Loan",Inactive
2665,4449-04-18,"POPLATEK MESICNE",0,0.0000,"No Loan",Inactive
2666,4447-02-03,"POPLATEK MESICNE",3501,0.0000,"No Loan",Active
2667,4449-01-18,"POPLATEK MESICNE",0,0.0000,"No Loan",Inactive
2670,4446-08-06,"POPLATEK MESICNE",51273,0.0000,"No Loan",Active
2671,4448-10-02,"POPLATEK MESICNE",0,0.0000,"No Loan",Inactive
2676,4446-08-01,"POPLATEK MESICNE",38548,0.0000,"No Loan",Active
2687,4448-03-02,"POPLATEK MESICNE",0,0.0000,"No Loan",Inactive
2691,4448-09-25,"POPLATEK MESICNE",0,0.0000,"No Loan",Inactive
2694,4447-02-03,"POPLATEK MESICNE",18285,0.0000,"Has Loan",Active
2695,4448-10-03,"POPLATEK MESICNE",0,0.0000,"No Loan",Inactive
2697,4447-12-18,"POPLATEK MESICNE",0,0.0000,"No Loan",Inactive
2700,4449-04-13,"POPLATEK MESICNE",0,0.0000,"No Loan",Inactive
2701,4448-03-28,"POPLATEK MESICNE",0,0.0000,"No Loan",Inactive
2705,4448-03-06,"POPLATEK PO OBRATU",0,0.0000,"Has Loan",Inactive
2711,4447-09-02,"POPLATEK MESICNE",0,0.0000,"No Loan",Inactive
2712,4447-02-07,"POPLATEK MESICNE",400,0.0000,"No Loan",Active
2714,4446-08-09,"POPLATEK MESICNE",14200,0.0000,"No Loan",Active
2732,4448-03-28,"POPLATEK MESICNE",0,0.0000,"No Loan",Inactive
2736,4448-03-03,"POPLATEK MESICNE",0,0.0000,"No Loan",Inactive
2738,4449-04-17,"POPLATEK MESICNE",0,0.0000,"No Loan",Inactive
2741,4447-11-29,"POPLATEK MESICNE",0,0.0000,"No Loan",Inactive
2758,4447-09-02,"POPLATEK MESICNE",0,0.0000,"No Loan",Inactive
2762,4447-02-15,"POPLATEK MESICNE",30860,0.0000,"Has Loan",Active
2763,4446-10-29,"POPLATEK MESICNE",83521,0.0000,"No Loan",Active
2771,4448-06-27,"POPLATEK MESICNE",0,0.0000,"No Loan",Inactive
2779,4447-12-07,"POPLATEK MESICNE",0,0.0000,"No Loan",Inactive
2793,4449-01-04,"POPLATEK MESICNE",0,0.0000,"No Loan",Inactive
2802,4448-10-03,"POPLATEK MESICNE",0,0.0000,"No Loan",Inactive
2814,4447-05-31,"POPLATEK MESICNE",0,0.0000,"No Loan",Inactive
2817,4447-05-13,"POPLATEK MESICNE",0,0.0000,"No Loan",Inactive
2818,4448-03-22,"POPLATEK MESICNE",0,0.0000,"No Loan",Inactive
2823,4447-05-24,"POPLATEK MESICNE",0,0.0000,"No Loan",Inactive
2824,4449-01-15,"POPLATEK MESICNE",0,0.0000,"Has Loan",Inactive
2838,4447-05-19,"POPLATEK TYDNE",0,0.0000,"No Loan",Inactive
2841,4448-03-28,"POPLATEK MESICNE",0,0.0000,"No Loan",Inactive
2849,4448-10-03,"POPLATEK MESICNE",0,0.0000,"No Loan",Inactive
2859,4449-01-18,"POPLATEK MESICNE",0,0.0000,"No Loan",Inactive
2861,4446-10-28,"POPLATEK MESICNE",6215,0.0000,"No Loan",Active
2862,4447-11-29,"POPLATEK MESICNE",0,0.0000,"No Loan",Inactive
2867,4449-04-09,"POPLATEK MESICNE",0,0.0000,"No Loan",Inactive
2876,4447-05-28,"POPLATEK MESICNE",0,0.0000,"No Loan",Inactive
2880,4447-12-08,"POPLATEK MESICNE",0,0.0000,"No Loan",Inactive
2881,4446-07-14,"POPLATEK MESICNE",31362,0.0000,"No Loan",Active
2884,4446-10-26,"POPLATEK MESICNE",21039,0.0000,"No Loan",Active
2894,4448-07-07,"POPLATEK MESICNE",0,0.0000,"No Loan",Inactive
2895,4447-02-04,"POPLATEK MESICNE",18446,0.0000,"No Loan",Active
2896,4447-02-25,"POPLATEK MESICNE",0,0.0000,"No Loan",Inactive
2902,4446-08-07,"POPLATEK MESICNE",44533,0.0000,"No Loan",Active
2907,4448-09-26,"POPLATEK MESICNE",0,0.0000,"No Loan",Inactive
2915,4448-03-24,"POPLATEK MESICNE",0,0.0000,"No Loan",Inactive
2925,4446-07-20,"POPLATEK MESICNE",31428,0.0000,"No Loan",Active
2926,4446-07-24,"POPLATEK MESICNE",35716,0.0000,"No Loan",Active
2932,4447-08-18,"POPLATEK MESICNE",0,0.0000,"No Loan",Inactive
2933,4447-12-10,"POPLATEK MESICNE",0,0.0000,"Has Loan",Inactive
2938,4448-06-13,"POPLATEK MESICNE",0,0.0000,"No Loan",Inactive
2940,4447-12-16,"POPLATEK MESICNE",0,0.0000,"No Loan",Inactive
2951,4448-09-23,"POPLATEK MESICNE",0,0.0000,"No Loan",Inactive
2958,4448-10-06,"POPLATEK MESICNE",0,0.0000,"No Loan",Inactive
2962,4447-09-13,"POPLATEK MESICNE",0,0.0000,"Has Loan",Inactive
2970,4446-08-01,"POPLATEK MESICNE",33439,0.0000,"No Loan",Active
2974,4447-02-08,"POPLATEK MESICNE",1100,0.0000,"No Loan",Active
2985,4447-05-12,"POPLATEK MESICNE",0,0.0000,"No Loan",Inactive
2987,4448-10-03,"POPLATEK MESICNE",0,0.0000,"No Loan",Inactive
2991,4447-09-05,"POPLATEK MESICNE",0,0.0000,"No Loan",Inactive
3000,4448-03-15,"POPLATEK MESICNE",0,0.0000,"No Loan",Inactive
3001,4447-02-19,"POPLATEK MESICNE",400,0.0000,"No Loan",Active
3007,4446-10-20,"POPLATEK MESICNE",46677,0.0000,"No Loan",Active
3008,4446-11-14,"POPLATEK MESICNE",7134,0.0000,"No Loan",Active
3011,4448-09-18,"POPLATEK MESICNE",0,0.0000,"No Loan",Inactive
3026,4446-11-05,"POPLATEK MESICNE",24440,0.0000,"No Loan",Active
3028,4448-10-02,"POPLATEK MESICNE",0,0.0000,"No Loan",Inactive
3032,4447-11-29,"POPLATEK MESICNE",0,0.0000,"No Loan",Inactive
3035,4448-06-25,"POPLATEK TYDNE",0,0.0000,"No Loan",Inactive
3042,4448-10-03,"POPLATEK MESICNE",0,0.0000,"No Loan",Inactive
3047,4446-11-04,"POPLATEK MESICNE",4074,0.0000,"No Loan",Active
3050,4447-08-22,"POPLATEK MESICNE",0,0.0000,"Has Loan",Inactive
3053,4448-07-02,"POPLATEK MESICNE",0,0.0000,"No Loan",Inactive
3063,4447-09-09,"POPLATEK MESICNE",0,0.0000,"No Loan",Inactive
3064,4447-09-06,"POPLATEK MESICNE",0,0.0000,"Has Loan",Inactive
3068,4447-05-31,"POPLATEK MESICNE",0,0.0000,"No Loan",Inactive
3069,4447-02-15,"POPLATEK MESICNE",400,0.0000,"No Loan",Active
3072,4447-11-27,"POPLATEK MESICNE",0,0.0000,"No Loan",Inactive
3076,4447-02-22,"POPLATEK MESICNE",0,0.0000,"No Loan",Inactive
3078,4448-03-17,"POPLATEK MESICNE",0,0.0000,"No Loan",Inactive
3086,4449-04-07,"POPLATEK MESICNE",0,0.0000,"No Loan",Inactive
3091,4449-04-16,"POPLATEK MESICNE",0,0.0000,"No Loan",Inactive
3096,4447-12-21,"POPLATEK MESICNE",0,0.0000,"No Loan",Inactive
3099,4447-09-03,"POPLATEK MESICNE",0,0.0000,"No Loan",Inactive
3108,4447-02-09,"POPLATEK MESICNE",600,0.0000,"No Loan",Active
3113,4448-06-25,"POPLATEK MESICNE",0,0.0000,"No Loan",Inactive
3117,4446-11-11,"POPLATEK MESICNE",6255,0.0000,"No Loan",Active
3127,4448-06-17,"POPLATEK MESICNE",0,0.0000,"No Loan",Inactive
3133,4447-12-06,"POPLATEK MESICNE",0,0.0000,"No Loan",Inactive
3136,4448-06-16,"POPLATEK MESICNE",0,0.0000,"No Loan",Inactive
3146,4449-01-21,"POPLATEK MESICNE",0,0.0000,"No Loan",Inactive
3152,4448-03-17,"POPLATEK MESICNE",0,0.0000,"No Loan",Inactive
3157,4448-09-27,"POPLATEK MESICNE",0,0.0000,"No Loan",Inactive
3166,4448-06-19,"POPLATEK MESICNE",0,0.0000,"Has Loan",Inactive
3168,4446-11-07,"POPLATEK MESICNE",7303,0.0000,"No Loan",Active
3171,4448-10-15,"POPLATEK MESICNE",0,0.0000,"No Loan",Inactive
3173,4447-08-29,"POPLATEK MESICNE",0,0.0000,"No Loan",Inactive
3181,4447-08-30,"POPLATEK MESICNE",0,0.0000,"No Loan",Inactive
3195,4448-09-19,"POPLATEK MESICNE",0,0.0000,"No Loan",Inactive
3210,4447-08-31,"POPLATEK MESICNE",0,0.0000,"No Loan",Inactive
3212,4448-03-26,"POPLATEK MESICNE",0,0.0000,"No Loan",Inactive
3213,4447-05-18,"POPLATEK MESICNE",0,0.0000,"No Loan",Inactive
3218,4449-04-19,"POPLATEK MESICNE",0,0.0000,"No Loan",Inactive
3220,4448-06-23,"POPLATEK MESICNE",0,0.0000,"No Loan",Inactive
3221,4448-06-26,"POPLATEK MESICNE",0,0.0000,"No Loan",Inactive
3222,4448-03-22,"POPLATEK MESICNE",0,0.0000,"No Loan",Inactive
3225,4449-04-06,"POPLATEK MESICNE",0,0.0000,"No Loan",Inactive
3237,4448-12-28,"POPLATEK MESICNE",0,0.0000,"No Loan",Inactive
3241,4448-03-17,"POPLATEK MESICNE",0,0.0000,"No Loan",Inactive
3243,4449-04-15,"POPLATEK MESICNE",0,0.0000,"No Loan",Inactive
3246,4447-12-06,"POPLATEK MESICNE",0,0.0000,"No Loan",Inactive
3255,4448-10-02,"POPLATEK MESICNE",0,0.0000,"No Loan",Inactive
3258,4447-11-27,"POPLATEK MESICNE",0,0.0000,"No Loan",Inactive
3260,4447-02-20,"POPLATEK MESICNE",400,0.0000,"No Loan",Active
3261,4448-03-08,"POPLATEK MESICNE",0,0.0000,"No Loan",Inactive
3264,4449-01-18,"POPLATEK MESICNE",0,0.0000,"No Loan",Inactive
3267,4448-03-22,"POPLATEK MESICNE",0,0.0000,"No Loan",Inactive
3268,4448-10-07,"POPLATEK MESICNE",0,0.0000,"No Loan",Inactive
3277,4448-03-13,"POPLATEK MESICNE",0,0.0000,"No Loan",Inactive
3283,4447-02-21,"POPLATEK MESICNE",300,0.0000,"No Loan",Active
3284,4447-08-31,"POPLATEK MESICNE",0,0.0000,"No Loan",Inactive
3287,4448-03-27,"POPLATEK MESICNE",0,0.0000,"No Loan",Inactive
3298,4448-06-13,"POPLATEK MESICNE",0,0.0000,"No Loan",Inactive
3302,4447-01-28,"POPLATEK MESICNE",3708,0.0000,"No Loan",Active
3306,4448-07-03,"POPLATEK MESICNE",0,0.0000,"No Loan",Inactive
3310,4448-10-02,"POPLATEK MESICNE",0,0.0000,"No Loan",Inactive
3316,4447-08-20,"POPLATEK MESICNE",0,0.0000,"No Loan",Inactive
3319,4448-07-08,"POPLATEK MESICNE",0,0.0000,"No Loan",Inactive
3323,4448-09-25,"POPLATEK MESICNE",0,0.0000,"No Loan",Inactive
3326,4449-04-16,"POPLATEK MESICNE",0,0.0000,"No Loan",Inactive
3327,4447-05-22,"POPLATEK MESICNE",0,0.0000,"No Loan",Inactive
3352,4449-04-13,"POPLATEK MESICNE",0,0.0000,"No Loan",Inactive
3354,4449-04-10,"POPLATEK MESICNE",0,0.0000,"Has Loan",Inactive
3361,4448-07-05,"POPLATEK MESICNE",0,0.0000,"No Loan",Inactive
3367,4447-05-07,"POPLATEK MESICNE",0,0.0000,"No Loan",Inactive
3370,4449-04-20,"POPLATEK MESICNE",0,0.0000,"No Loan",Inactive
3371,4449-04-09,"POPLATEK MESICNE",0,0.0000,"No Loan",Inactive
3374,4446-11-04,"POPLATEK MESICNE",26584,0.0000,"No Loan",Active
3391,4447-05-07,"POPLATEK MESICNE",0,0.0000,"No Loan",Inactive
3407,4448-07-03,"POPLATEK MESICNE",0,0.0000,"No Loan",Inactive
3408,4448-10-06,"POPLATEK MESICNE",0,0.0000,"No Loan",Inactive
3413,4448-03-14,"POPLATEK MESICNE",0,0.0000,"No Loan",Inactive
3424,4446-11-03,"POPLATEK MESICNE",55536,0.0000,"No Loan",Active
3435,4448-03-02,"POPLATEK MESICNE",0,0.0000,"No Loan",Inactive
3456,4448-09-23,"POPLATEK MESICNE",0,0.0000,"No Loan",Inactive
3465,4448-03-17,"POPLATEK MESICNE",0,0.0000,"No Loan",Inactive
3469,4447-09-05,"POPLATEK MESICNE",0,0.0000,"No Loan",Inactive
3477,4448-07-01,"POPLATEK MESICNE",0,0.0000,"No Loan",Inactive
3480,4448-10-01,"POPLATEK MESICNE",0,0.0000,"No Loan",Inactive
3483,4449-01-07,"POPLATEK MESICNE",0,0.0000,"No Loan",Inactive
3487,4446-07-18,"POPLATEK MESICNE",54297,0.0000,"No Loan",Active
3493,4448-03-23,"POPLATEK MESICNE",0,0.0000,"No Loan",Inactive
3505,4448-10-10,"POPLATEK MESICNE",0,0.0000,"No Loan",Inactive
3509,4448-09-22,"POPLATEK MESICNE",0,0.0000,"No Loan",Inactive
3510,4446-07-17,"POPLATEK MESICNE",25870,0.0000,"No Loan",Active
3513,4447-01-29,"POPLATEK MESICNE",19578,0.0000,"No Loan",Active
3514,4446-10-21,"POPLATEK MESICNE",7411,0.0000,"No Loan",Active
3521,4447-12-14,"POPLATEK MESICNE",0,0.0000,"No Loan",Inactive
3535,4448-12-31,"POPLATEK MESICNE",0,0.0000,"No Loan",Inactive
3538,4448-06-17,"POPLATEK MESICNE",0,0.0000,"No Loan",Inactive
3542,4447-12-03,"POPLATEK MESICNE",0,0.0000,"No Loan",Inactive
3545,4446-11-04,"POPLATEK MESICNE",22503,0.0000,"No Loan",Active
3547,4448-06-16,"POPLATEK MESICNE",0,0.0000,"No Loan",Inactive
3548,4449-04-16,"POPLATEK MESICNE",0,0.0000,"No Loan",Inactive
3551,4449-01-12,"POPLATEK MESICNE",0,0.0000,"No Loan",Inactive
3554,4446-11-03,"POPLATEK MESICNE",64283,0.0000,"No Loan",Active
3558,4447-09-06,"POPLATEK MESICNE",0,0.0000,"No Loan",Inactive
3566,4447-12-01,"POPLATEK MESICNE",0,0.0000,"No Loan",Inactive
3575,4448-09-25,"POPLATEK MESICNE",0,0.0000,"No Loan",Inactive
3580,4448-06-10,"POPLATEK MESICNE",0,0.0000,"No Loan",Inactive
3586,4447-02-22,"POPLATEK MESICNE",0,0.0000,"No Loan",Inactive
3592,4446-07-18,"POPLATEK MESICNE",18669,0.0000,"No Loan",Active
3593,4446-11-05,"POPLATEK MESICNE",19887,0.0000,"No Loan",Active
3600,4448-06-19,"POPLATEK MESICNE",0,0.0000,"No Loan",Inactive
3609,4448-06-12,"POPLATEK MESICNE",0,0.0000,"No Loan",Inactive
3613,4448-06-19,"POPLATEK MESICNE",0,0.0000,"No Loan",Inactive
3617,4449-04-20,"POPLATEK MESICNE",0,0.0000,"No Loan",Inactive
3618,4448-10-16,"POPLATEK MESICNE",0,0.0000,"No Loan",Inactive
3629,4448-03-28,"POPLATEK MESICNE",0,0.0000,"Has Loan",Inactive
3640,4449-04-10,"POPLATEK MESICNE",0,0.0000,"No Loan",Inactive
3644,4447-05-19,"POPLATEK MESICNE",0,0.0000,"No Loan",Inactive
3649,4447-08-28,"POPLATEK MESICNE",0,0.0000,"No Loan",Inactive
3651,4446-11-14,"POPLATEK MESICNE",5881,0.0000,"No Loan",Active
3654,4448-03-14,"POPLATEK MESICNE",0,0.0000,"No Loan",Inactive
3656,4448-06-15,"POPLATEK MESICNE",0,0.0000,"No Loan",Inactive
3660,4449-04-19,"POPLATEK MESICNE",0,0.0000,"No Loan",Inactive
3670,4447-11-26,"POPLATEK MESICNE",0,0.0000,"No Loan",Inactive
3674,4447-02-07,"POPLATEK MESICNE",1000,0.0000,"Has Loan",Active
3675,4447-02-15,"POPLATEK MESICNE",700,0.0000,"No Loan",Active
3678,4447-02-19,"POPLATEK MESICNE",800,0.0000,"Has Loan",Active
3682,4447-11-29,"POPLATEK MESICNE",0,0.0000,"No Loan",Inactive
3683,4448-06-22,"POPLATEK MESICNE",0,0.0000,"No Loan",Inactive
3687,4449-04-11,"POPLATEK MESICNE",0,0.0000,"No Loan",Inactive
3688,4449-04-15,"POPLATEK MESICNE",0,0.0000,"No Loan",Inactive
3691,4446-11-06,"POPLATEK MESICNE",6940,0.0000,"No Loan",Active
3693,4446-08-08,"POPLATEK MESICNE",35097,0.0000,"No Loan",Active
3697,4447-06-04,"POPLATEK MESICNE",0,0.0000,"No Loan",Inactive
3699,4448-06-14,"POPLATEK MESICNE",0,0.0000,"No Loan",Inactive
3701,4449-01-01,"POPLATEK MESICNE",0,0.0000,"No Loan",Inactive
3704,4446-08-03,"POPLATEK MESICNE",12984,0.0000,"No Loan",Active
3713,4447-11-30,"POPLATEK TYDNE",0,0.0000,"No Loan",Inactive
3720,4448-03-31,"POPLATEK MESICNE",0,0.0000,"No Loan",Inactive
3734,4447-02-03,"POPLATEK MESICNE",5939,0.0000,"No Loan",Active
3738,4448-06-10,"POPLATEK MESICNE",0,0.0000,"No Loan",Inactive
3745,4448-06-13,"POPLATEK MESICNE",0,0.0000,"No Loan",Inactive
3748,4448-03-11,"POPLATEK MESICNE",0,0.0000,"No Loan",Inactive
3751,4448-10-02,"POPLATEK MESICNE",0,0.0000,"No Loan",Inactive
3760,4446-07-23,"POPLATEK MESICNE",104935,0.0000,"No Loan",Active
3771,4447-12-03,"POPLATEK MESICNE",0,0.0000,"No Loan",Inactive
3775,4447-12-19,"POPLATEK MESICNE",0,0.0000,"No Loan",Inactive
3778,4448-03-05,"POPLATEK MESICNE",0,0.0000,"No Loan",Inactive
3781,4447-02-21,"POPLATEK MESICNE",800,0.0000,"No Loan",Active
3785,4447-02-19,"POPLATEK MESICNE",200,0.0000,"No Loan",Active
3786,4447-12-14,"POPLATEK MESICNE",0,0.0000,"No Loan",Inactive
3787,4446-11-06,"POPLATEK MESICNE",23550,0.0000,"No Loan",Active
3788,4447-05-16,"POPLATEK MESICNE",0,0.0000,"No Loan",Inactive
3792,4448-06-20,"POPLATEK MESICNE",0,0.0000,"No Loan",Inactive
3796,4447-09-08,"POPLATEK MESICNE",0,0.0000,"No Loan",Inactive
3808,4448-06-20,"POPLATEK MESICNE",0,0.0000,"No Loan",Inactive
3818,4446-07-11,"POPLATEK MESICNE",59037,0.0000,"No Loan",Active
3820,4449-04-19,"POPLATEK MESICNE",0,0.0000,"No Loan",Inactive
3822,4448-10-09,"POPLATEK MESICNE",0,0.0000,"No Loan",Inactive
3834,4446-07-29,"POPLATEK MESICNE",41785,0.0000,"Has Loan",Active
3835,4447-02-11,"POPLATEK MESICNE",900,0.0000,"No Loan",Active
3837,4448-07-05,"POPLATEK PO OBRATU",0,0.0000,"No Loan",Inactive
3844,4447-09-06,"POPLATEK MESICNE",0,0.0000,"No Loan",Inactive
3850,4448-06-18,"POPLATEK MESICNE",0,0.0000,"No Loan",Inactive
3863,4448-10-01,"POPLATEK MESICNE",0,0.0000,"No Loan",Inactive
3868,4448-06-30,"POPLATEK MESICNE",0,0.0000,"No Loan",Inactive
3871,4446-07-18,"POPLATEK MESICNE",9012,0.0000,"No Loan",Active
3882,4448-03-10,"POPLATEK MESICNE",0,0.0000,"No Loan",Inactive
3883,4447-02-10,"POPLATEK MESICNE",1200,0.0000,"No Loan",Active
3888,4447-09-10,"POPLATEK MESICNE",0,0.0000,"No Loan",Inactive
3891,4448-06-27,"POPLATEK MESICNE",0,0.0000,"No Loan",Inactive
3892,4449-01-20,"POPLATEK MESICNE",0,0.0000,"No Loan",Inactive
3909,4446-07-24,"POPLATEK MESICNE",63959,0.0000,"No Loan",Active
3915,4447-05-08,"POPLATEK MESICNE",0,0.0000,"No Loan",Inactive
3920,4448-09-18,"POPLATEK MESICNE",0,0.0000,"No Loan",Inactive
3923,4447-02-25,"POPLATEK MESICNE",0,0.0000,"No Loan",Inactive
3927,4449-01-17,"POPLATEK MESICNE",0,0.0000,"No Loan",Inactive
3935,4447-02-03,"POPLATEK MESICNE",1000,0.0000,"No Loan",Active
3939,4448-03-09,"POPLATEK MESICNE",0,0.0000,"No Loan",Inactive
3948,4449-04-14,"POPLATEK MESICNE",0,0.0000,"No Loan",Inactive
3954,4447-12-17,"POPLATEK MESICNE",0,0.0000,"No Loan",Inactive
3955,4448-03-15,"POPLATEK MESICNE",0,0.0000,"No Loan",Inactive
3960,4446-10-24,"POPLATEK MESICNE",5307,0.0000,"No Loan",Active
3965,4447-08-18,"POPLATEK MESICNE",0,0.0000,"No Loan",Inactive
3969,4447-12-12,"POPLATEK MESICNE",0,0.0000,"No Loan",Inactive
3972,4449-01-06,"POPLATEK MESICNE",0,0.0000,"No Loan",Inactive
3977,4448-10-12,"POPLATEK MESICNE",0,0.0000,"No Loan",Inactive
3980,4447-05-09,"POPLATEK MESICNE",0,0.0000,"No Loan",Inactive
3982,4448-03-28,"POPLATEK MESICNE",0,0.0000,"No Loan",Inactive
3983,4446-10-22,"POPLATEK MESICNE",30405,0.0000,"No Loan",Active
3999,4447-08-20,"POPLATEK MESICNE",0,0.0000,"No Loan",Inactive
4000,4448-06-11,"POPLATEK MESICNE",0,0.0000,"No Loan",Inactive
4013,4449-01-03,"POPLATEK PO OBRATU",0,0.0000,"No Loan",Inactive
4034,4446-07-28,"POPLATEK MESICNE",21884,0.0000,"No Loan",Active
4035,4448-03-26,"POPLATEK MESICNE",0,0.0000,"No Loan",Inactive
4055,4446-08-03,"POPLATEK MESICNE",51583,0.0000,"No Loan",Active
4059,4449-01-03,"POPLATEK MESICNE",0,0.0000,"No Loan",Inactive
4078,4446-08-09,"POPLATEK MESICNE",50272,0.0000,"No Loan",Active
4079,4449-04-08,"POPLATEK MESICNE",0,0.0000,"Has Loan",Inactive
4093,4447-02-20,"POPLATEK MESICNE",400,0.0000,"No Loan",Active
4119,4449-01-13,"POPLATEK MESICNE",0,0.0000,"No Loan",Inactive
4134,4447-01-29,"POPLATEK MESICNE",50928,0.0000,"No Loan",Active
4159,4448-03-10,"POPLATEK MESICNE",0,0.0000,"No Loan",Inactive
4171,4447-12-04,"POPLATEK MESICNE",0,0.0000,"No Loan",Inactive
4173,4449-04-13,"POPLATEK MESICNE",0,0.0000,"No Loan",Inactive
4225,4447-09-01,"POPLATEK MESICNE",0,0.0000,"No Loan",Inactive
4240,4446-10-26,"POPLATEK MESICNE",70220,0.0000,"No Loan",Active
4254,4447-08-18,"POPLATEK MESICNE",0,0.0000,"No Loan",Inactive
4255,4449-04-13,"POPLATEK TYDNE",0,0.0000,"No Loan",Inactive
4260,4449-01-09,"POPLATEK MESICNE",0,0.0000,"Has Loan",Inactive
4287,4449-01-12,"POPLATEK MESICNE",0,0.0000,"No Loan",Inactive
4296,4446-08-07,"POPLATEK MESICNE",42865,0.0000,"No Loan",Active
4318,4447-05-19,"POPLATEK TYDNE",0,0.0000,"No Loan",Inactive
4321,4447-05-24,"POPLATEK MESICNE",0,0.0000,"No Loan",Inactive
4347,4447-02-22,"POPLATEK MESICNE",0,0.0000,"No Loan",Inactive
4350,4447-05-10,"POPLATEK MESICNE",0,0.0000,"No Loan",Inactive
4352,4448-03-06,"POPLATEK MESICNE",0,0.0000,"No Loan",Inactive
4355,4446-11-08,"POPLATEK MESICNE",16200,0.0000,"No Loan",Active
4377,4447-05-30,"POPLATEK MESICNE",0,0.0000,"No Loan",Inactive
4414,4448-09-27,"POPLATEK MESICNE",0,0.0000,"Has Loan",Inactive
4427,4447-11-29,"POPLATEK MESICNE",0,0.0000,"Has Loan",Inactive
4437,4448-10-11,"POPLATEK MESICNE",0,0.0000,"No Loan",Inactive
4448,4447-11-24,"POPLATEK MESICNE",0,0.0000,"Has Loan",Inactive
4463,4448-09-20,"POPLATEK MESICNE",0,0.0000,"No Loan",Inactive
4470,4449-04-06,"POPLATEK MESICNE",0,0.0000,"No Loan",Inactive
4478,4448-03-24,"POPLATEK MESICNE",0,0.0000,"No Loan",Inactive
4484,4446-10-21,"POPLATEK MESICNE",193007,0.0000,"No Loan",Active
4511,4448-10-13,"POPLATEK MESICNE",0,0.0000,"No Loan",Inactive
4543,4449-01-03,"POPLATEK MESICNE",0,0.0000,"No Loan",Inactive
4576,4447-11-27,"POPLATEK MESICNE",0,0.0000,"Has Loan",Inactive
4596,4447-02-04,"POPLATEK MESICNE",700,0.0000,"No Loan",Active
4659,4449-01-03,"POPLATEK MESICNE",0,0.0000,"No Loan",Inactive
4743,4447-08-19,"POPLATEK MESICNE",0,0.0000,"No Loan",Inactive
4894,4447-12-12,"POPLATEK MESICNE",0,0.0000,"Has Loan",Inactive
4937,4446-11-07,"POPLATEK MESICNE",89165,0.0000,"Has Loan",Active
5011,4448-07-04,"POPLATEK MESICNE",0,0.0000,"No Loan",Inactive
5065,4446-08-03,"POPLATEK MESICNE",42371,0.0000,"No Loan",Active
5120,4447-12-13,"POPLATEK MESICNE",0,0.0000,"Has Loan",Inactive
5129,4447-11-30,"POPLATEK MESICNE",0,0.0000,"No Loan",Inactive
5215,4448-03-02,"POPLATEK MESICNE",0,0.0000,"Has Loan",Inactive
5228,4447-12-15,"POPLATEK PO OBRATU",0,0.0000,"Has Loan",Inactive
5256,4449-01-20,"POPLATEK PO OBRATU",0,0.0000,"Has Loan",Inactive
5270,4446-07-23,"POPLATEK MESICNE",222026,0.0000,"Has Loan",Active
5313,4447-06-04,"POPLATEK MESICNE",0,0.0000,"Has Loan",Inactive
5343,4447-11-30,"POPLATEK MESICNE",0,0.0000,"No Loan",Inactive
5366,4448-06-18,"POPLATEK MESICNE",0,0.0000,"No Loan",Inactive
5369,4446-11-12,"POPLATEK MESICNE",6543,0.0000,"No Loan",Active
5372,4447-08-22,"POPLATEK MESICNE",0,0.0000,"No Loan",Inactive
5385,4447-09-04,"POPLATEK TYDNE",0,0.0000,"Has Loan",Inactive
5387,4448-12-31,"POPLATEK MESICNE",0,0.0000,"No Loan",Inactive
5423,4447-08-16,"POPLATEK MESICNE",0,0.0000,"No Loan",Inactive
5428,4447-05-20,"POPLATEK MESICNE",0,0.0000,"Has Loan",Inactive
5442,4447-02-17,"POPLATEK MESICNE",42632,0.0000,"Has Loan",Active
5472,4447-08-18,"POPLATEK MESICNE",0,0.0000,"No Loan",Inactive
5481,4448-06-25,"POPLATEK MESICNE",0,0.0000,"Has Loan",Inactive
5483,4447-02-23,"POPLATEK MESICNE",0,0.0000,"No Loan",Inactive
5546,4447-09-11,"POPLATEK MESICNE",0,0.0000,"No Loan",Inactive
5622,4446-10-26,"POPLATEK MESICNE",116173,0.0000,"Has Loan",Active
5700,4448-03-21,"POPLATEK MESICNE",0,0.0000,"Has Loan",Inactive
5740,4447-05-22,"POPLATEK MESICNE",0,0.0000,"No Loan",Inactive
5767,4447-12-08,"POPLATEK MESICNE",0,0.0000,"No Loan",Inactive
5868,4446-10-20,"POPLATEK MESICNE",10400,0.0000,"No Loan",Active
5891,4446-08-04,"POPLATEK MESICNE",90810,0.0000,"Has Loan",Active
5952,4448-09-24,"POPLATEK MESICNE",0,0.0000,"Has Loan",Inactive
5984,4449-04-16,"POPLATEK MESICNE",0,0.0000,"No Loan",Inactive
6030,4448-07-03,"POPLATEK MESICNE",0,0.0000,"Has Loan",Inactive
6034,4447-02-14,"POPLATEK TYDNE",24051,0.0000,"Has Loan",Active
6040,4447-05-28,"POPLATEK MESICNE",0,0.0000,"Has Loan",Inactive
6051,4448-07-07,"POPLATEK MESICNE",0,0.0000,"Has Loan",Inactive
6226,4448-03-27,"POPLATEK TYDNE",0,0.0000,"Has Loan",Inactive
6273,4448-03-22,"POPLATEK MESICNE",0,0.0000,"Has Loan",Inactive
6281,4447-11-30,"POPLATEK MESICNE",0,0.0000,"No Loan",Inactive
6363,4448-06-10,"POPLATEK MESICNE",0,0.0000,"Has Loan",Inactive
6425,4447-02-24,"POPLATEK MESICNE",0,0.0000,"Has Loan",Inactive
6473,4446-08-05,"POPLATEK MESICNE",96297,0.0000,"Has Loan",Active
6555,4447-01-31,"POPLATEK TYDNE",52804,0.0000,"Has Loan",Active
6636,4448-06-13,"POPLATEK TYDNE",0,0.0000,"No Loan",Inactive
6701,4447-02-10,"POPLATEK TYDNE",29282,0.0000,"Has Loan",Active
6715,4448-10-02,"POPLATEK TYDNE",0,0.0000,"Has Loan",Inactive
6897,4447-05-29,"POPLATEK MESICNE",0,0.0000,"No Loan",Inactive
6930,4448-09-25,"POPLATEK MESICNE",0,0.0000,"Has Loan",Inactive
7011,4449-01-03,"POPLATEK MESICNE",0,0.0000,"No Loan",Inactive
7123,4447-05-20,"POPLATEK PO OBRATU",0,0.0000,"Has Loan",Inactive
7133,4448-10-04,"POPLATEK MESICNE",0,0.0000,"Has Loan",Inactive
7190,4448-09-23,"POPLATEK MESICNE",0,0.0000,"Has Loan",Inactive
7203,4447-02-21,"POPLATEK MESICNE",900,0.0000,"No Loan",Active
7231,4447-02-09,"POPLATEK MESICNE",62273,0.0000,"No Loan",Active
7401,4446-11-13,"POPLATEK MESICNE",21336,0.0000,"Has Loan",Active
7445,4447-02-13,"POPLATEK MESICNE",200,0.0000,"Has Loan",Active
7454,4447-05-25,"POPLATEK MESICNE",0,0.0000,"Has Loan",Inactive
7485,4448-03-29,"POPLATEK MESICNE",0,0.0000,"Has Loan",Inactive
7607,4448-09-22,"POPLATEK MESICNE",0,0.0000,"Has Loan",Inactive
7753,4446-10-26,"POPLATEK MESICNE",103340,0.0000,"Has Loan",Active
7769,4448-12-29,"POPLATEK MESICNE",0,0.0000,"Has Loan",Inactive
7774,4448-10-01,"POPLATEK PO OBRATU",0,0.0000,"No Loan",Inactive
7819,4448-06-10,"POPLATEK MESICNE",0,0.0000,"Has Loan",Inactive
7857,4448-06-13,"POPLATEK MESICNE",0,0.0000,"Has Loan",Inactive
7965,4449-04-13,"POPLATEK MESICNE",0,0.0000,"Has Loan",Inactive
8027,4448-03-08,"POPLATEK TYDNE",0,0.0000,"Has Loan",Inactive
8041,4449-01-05,"POPLATEK MESICNE",0,0.0000,"Has Loan",Inactive
8051,4446-10-25,"POPLATEK TYDNE",26940,0.0000,"Has Loan",Active
8073,4448-09-20,"POPLATEK PO OBRATU",0,0.0000,"Has Loan",Inactive
8129,4447-12-18,"POPLATEK MESICNE",0,0.0000,"Has Loan",Inactive
8132,4447-05-23,"POPLATEK TYDNE",0,0.0000,"No Loan",Inactive
8173,4448-03-06,"POPLATEK MESICNE",0,0.0000,"Has Loan",Inactive
8212,4448-06-30,"POPLATEK PO OBRATU",0,0.0000,"No Loan",Inactive
8260,4447-02-19,"POPLATEK MESICNE",200,0.0000,"Has Loan",Active
8261,4447-08-26,"POPLATEK MESICNE",0,0.0000,"Has Loan",Inactive
8321,4447-05-18,"POPLATEK MESICNE",0,0.0000,"Has Loan",Inactive
8330,4447-02-23,"POPLATEK MESICNE",0,0.0000,"Has Loan",Inactive
8475,4448-09-25,"POPLATEK MESICNE",0,0.0000,"Has Loan",Inactive
8489,4448-10-05,"POPLATEK MESICNE",0,0.0000,"Has Loan",Inactive
8519,4447-05-08,"POPLATEK MESICNE",0,0.0000,"Has Loan",Inactive
8564,4448-09-29,"POPLATEK MESICNE",0,0.0000,"Has Loan",Inactive
8566,4449-01-03,"POPLATEK MESICNE",0,0.0000,"Has Loan",Inactive
8625,4449-04-15,"POPLATEK MESICNE",0,0.0000,"Has Loan",Inactive
8759,4448-10-05,"POPLATEK MESICNE",0,0.0000,"No Loan",Inactive
8934,4447-11-28,"POPLATEK MESICNE",0,0.0000,"No Loan",Inactive
8957,4449-04-18,"POPLATEK MESICNE",0,0.0000,"No Loan",Inactive
8982,4448-10-12,"POPLATEK MESICNE",0,0.0000,"Has Loan",Inactive
9034,4447-12-20,"POPLATEK MESICNE",0,0.0000,"Has Loan",Inactive
9041,4448-06-12,"POPLATEK MESICNE",0,0.0000,"No Loan",Inactive
9093,4447-12-08,"POPLATEK MESICNE",0,0.0000,"Has Loan",Inactive
9188,4446-10-26,"POPLATEK MESICNE",17210,0.0000,"Has Loan",Active
9203,4446-11-14,"POPLATEK MESICNE",900,0.0000,"No Loan",Active
9236,4448-06-27,"POPLATEK MESICNE",0,0.0000,"Has Loan",Inactive
9265,4446-10-22,"POPLATEK MESICNE",85013,0.0000,"Has Loan",Active
9307,4446-08-03,"POPLATEK MESICNE",31158,0.0000,"Has Loan",Active
9337,4448-09-30,"POPLATEK MESICNE",0,0.0000,"Has Loan",Inactive
9403,4447-02-22,"POPLATEK TYDNE",0,0.0000,"Has Loan",Inactive
9472,4448-03-07,"POPLATEK TYDNE",0,0.0000,"Has Loan",Inactive
9591,4447-09-03,"POPLATEK MESICNE",0,0.0000,"Has Loan",Inactive
9635,4446-07-15,"POPLATEK MESICNE",13853,0.0000,"No Loan",Active
9640,4447-02-08,"POPLATEK MESICNE",20206,0.0000,"Has Loan",Active
9656,4449-04-19,"POPLATEK MESICNE",0,0.0000,"Has Loan",Inactive
9703,4448-03-16,"POPLATEK MESICNE",0,0.0000,"No Loan",Inactive
9707,4447-05-30,"POPLATEK MESICNE",0,0.0000,"No Loan",Inactive
9828,4447-09-03,"POPLATEK MESICNE",0,0.0000,"Has Loan",Inactive
9833,4448-03-25,"POPLATEK MESICNE",0,0.0000,"Has Loan",Inactive
9869,4448-06-30,"POPLATEK MESICNE",0,0.0000,"Has Loan",Inactive
9883,4447-02-14,"POPLATEK MESICNE",500,0.0000,"No Loan",Active
10036,4448-09-30,"POPLATEK MESICNE",0,0.0000,"No Loan",Inactive
10079,4447-08-20,"POPLATEK MESICNE",0,0.0000,"Has Loan",Inactive
10105,4447-06-03,"POPLATEK MESICNE",0,0.0000,"Has Loan",Inactive
10227,4448-10-14,"POPLATEK PO OBRATU",0,0.0000,"No Loan",Inactive
10266,4447-12-02,"POPLATEK MESICNE",0,0.0000,"Has Loan",Inactive
10320,4448-03-12,"POPLATEK MESICNE",0,0.0000,"Has Loan",Inactive
10364,4446-07-27,"POPLATEK MESICNE",39124,0.0000,"Has Loan",Active
10440,4448-09-30,"POPLATEK MESICNE",0,0.0000,"Has Loan",Inactive
10451,4448-07-08,"POPLATEK MESICNE",0,0.0000,"Has Loan",Inactive
10656,4447-08-19,"POPLATEK MESICNE",0,0.0000,"No Loan",Inactive
10738,4447-05-23,"POPLATEK TYDNE",0,0.0000,"Has Loan",Inactive
10906,4449-04-19,"POPLATEK MESICNE",0,0.0000,"No Loan",Inactive
10911,4447-09-12,"POPLATEK TYDNE",0,0.0000,"Has Loan",Inactive
10940,4448-09-30,"POPLATEK MESICNE",0,0.0000,"Has Loan",Inactive
10973,4447-05-26,"POPLATEK TYDNE",0,0.0000,"Has Loan",Inactive
11013,4446-11-01,"POPLATEK TYDNE",49844,0.0000,"Has Loan",Active
11021,4448-06-19,"POPLATEK MESICNE",0,0.0000,"Has Loan",Inactive
11065,4447-02-14,"POPLATEK MESICNE",1100,0.0000,"Has Loan",Active
11111,4447-09-03,"POPLATEK MESICNE",0,0.0000,"Has Loan",Inactive
11135,4449-01-05,"POPLATEK MESICNE",0,0.0000,"Has Loan",Inactive
11265,4446-07-24,"POPLATEK MESICNE",26880,0.0000,"Has Loan",Active
11295,4446-07-31,"POPLATEK MESICNE",52253,0.0000,"No Loan",Active
11320,4447-09-09,"POPLATEK MESICNE",0,0.0000,"No Loan",Inactive
